"date","package","repo","stars","forks","open_issues","on_cran","downloads_last_month"
"2026-08-26","EpiNow2","epiforecasts/EpiNow2",140,40,64,TRUE,600
"2026-08-26","baselinenowcast","epinowcast/baselinenowcast",10,2,61,TRUE,199
"2026-08-26","cfrnow","epiforecasts/cfrnow",2,0,0,FALSE,NA
"2026-08-26","contactsurveys","epiforecasts/contactsurveys",2,3,0,TRUE,317
"2026-08-26","distspec","epiforecasts/distspec",1,0,5,TRUE,165
"2026-08-26","epichains","epiverse-trace/epichains",10,4,28,TRUE,235
"2026-08-26","epimixr","epiforecasts/epimixr",4,0,3,FALSE,NA
"2026-08-26","epinowcast","epinowcast/epinowcast",67,22,111,FALSE,NA
"2026-08-26","forecastbaselines","epiforecasts/forecastbaselines",0,0,0,FALSE,NA
"2026-08-26","lopensemble","epiforecasts/lopensemble",7,3,4,FALSE,NA
"2026-08-26","qrensemble","epiforecasts/qrensemble",3,0,1,FALSE,NA
"2026-08-26","rbi","epiforecasts/rbi",25,8,0,TRUE,197
"2026-08-26","rbi.helpers","epiforecasts/rbi.helpers",4,2,0,TRUE,156
"2026-08-26","ringbp","epiforecasts/ringbp",18,12,16,TRUE,177
"2026-08-26","scoringutils","epiforecasts/scoringutils",64,24,105,TRUE,727
"2026-08-26","socialmixr","epiforecasts/socialmixr",44,15,1,TRUE,928
"2026-08-31","EpiNow2","epiforecasts/EpiNow2",140,40,64,TRUE,692
"2026-08-31","baselinenowcast","epinowcast/baselinenowcast",10,2,61,TRUE,230
"2026-08-31","cfrnow","epiforecasts/cfrnow",2,0,1,FALSE,NA
"2026-08-31","contactsurveys","epiforecasts/contactsurveys",2,3,0,TRUE,320
"2026-08-31","distspec","epiforecasts/distspec",1,0,5,TRUE,233
"2026-08-31","epichains","epiverse-trace/epichains",10,4,29,TRUE,253
"2026-08-31","epimixr","epiforecasts/epimixr",4,0,4,FALSE,NA
"2026-08-31","epinowcast","epinowcast/epinowcast",67,22,111,FALSE,NA
"2026-08-31","forecastbaselines","epiforecasts/forecastbaselines",0,0,1,FALSE,NA
"2026-08-31","lopensemble","epiforecasts/lopensemble",7,3,5,FALSE,NA
"2026-08-31","qrensemble","epiforecasts/qrensemble",3,0,1,FALSE,NA
"2026-08-31","rbi","epiforecasts/rbi",25,8,1,TRUE,221
"2026-08-31","rbi.helpers","epiforecasts/rbi.helpers",4,2,1,TRUE,159
"2026-08-31","ringbp","epiforecasts/ringbp",18,12,17,TRUE,214
"2026-08-31","scoringutils","epiforecasts/scoringutils",64,24,105,TRUE,795
"2026-08-31","socialmixr","epiforecasts/socialmixr",44,15,1,TRUE,898
"2026-09-07","EpiNow2","epiforecasts/EpiNow2",140,40,63,TRUE,797
"2026-09-07","baselinenowcast","epinowcast/baselinenowcast",10,2,61,TRUE,244
"2026-09-07","cfrnow","epiforecasts/cfrnow",2,0,1,FALSE,NA
"2026-09-07","contactsurveys","epiforecasts/contactsurveys",2,3,1,TRUE,357
"2026-09-07","distspec","epiforecasts/distspec",1,1,2,TRUE,359
"2026-09-07","epichains","epiverse-trace/epichains",10,4,29,TRUE,297
"2026-09-07","epimixr","epiforecasts/epimixr",4,0,3,FALSE,NA
"2026-09-07","epinowcast","epinowcast/epinowcast",67,22,111,FALSE,NA
"2026-09-07","forecastbaselines","epiforecasts/forecastbaselines",0,0,1,FALSE,NA
"2026-09-07","lopensemble","epiforecasts/lopensemble",7,3,5,FALSE,NA
"2026-09-07","qrensemble","epiforecasts/qrensemble",3,0,1,FALSE,NA
"2026-09-07","rbi","epiforecasts/rbi",25,8,1,TRUE,264
"2026-09-07","rbi.helpers","epiforecasts/rbi.helpers",4,2,1,TRUE,213
"2026-09-07","ringbp","epiforecasts/ringbp",18,12,17,TRUE,309
"2026-09-07","scoringutils","epiforecasts/scoringutils",64,24,106,TRUE,876
"2026-09-07","socialmixr","epiforecasts/socialmixr",44,15,3,TRUE,978
"2026-09-14","EpiNow2","epiforecasts/EpiNow2",140,40,62,TRUE,835
"2026-09-14","baselinenowcast","epinowcast/baselinenowcast",10,2,61,TRUE,270
"2026-09-14","cfrnow","epiforecasts/cfrnow",2,0,1,FALSE,NA
"2026-09-14","contactsurveys","epiforecasts/contactsurveys",2,3,1,TRUE,385
"2026-09-14","distspec","epiforecasts/distspec",1,1,3,TRUE,345
"2026-09-14","epichains","epiverse-trace/epichains",10,4,29,TRUE,284
"2026-09-14","epimixr","epiforecasts/epimixr",4,0,3,FALSE,NA
"2026-09-14","epinowcast","epinowcast/epinowcast",67,22,111,FALSE,NA
"2026-09-14","forecastbaselines","epiforecasts/forecastbaselines",0,0,1,FALSE,NA
"2026-09-14","lopensemble","epiforecasts/lopensemble",7,3,5,FALSE,NA
"2026-09-14","qrensemble","epiforecasts/qrensemble",3,0,1,FALSE,NA
"2026-09-14","rbi","epiforecasts/rbi",25,8,1,TRUE,277
"2026-09-14","rbi.helpers","epiforecasts/rbi.helpers",4,2,1,TRUE,268
"2026-09-14","ringbp","epiforecasts/ringbp",18,12,17,TRUE,314
"2026-09-14","scoringutils","epiforecasts/scoringutils",64,24,93,TRUE,989
"2026-09-14","socialmixr","epiforecasts/socialmixr",44,15,3,TRUE,1013
"2026-09-21","EpiNow2","epiforecasts/EpiNow2",140,40,61,TRUE,974
"2026-09-21","baselinenowcast","epinowcast/baselinenowcast",10,2,61,TRUE,303
"2026-09-21","cfrnow","epiforecasts/cfrnow",2,0,3,FALSE,NA
"2026-09-21","contactsurveys","epiforecasts/contactsurveys",2,3,0,TRUE,397
"2026-09-21","distspec","epiforecasts/distspec",1,1,3,TRUE,391
"2026-09-21","epichains","epiverse-trace/epichains",10,4,29,TRUE,312
"2026-09-21","epimixr","epiforecasts/epimixr",4,0,3,FALSE,NA
"2026-09-21","epinowcast","epinowcast/epinowcast",67,22,111,FALSE,NA
"2026-09-21","forecastbaselines","epiforecasts/forecastbaselines",0,0,1,FALSE,NA
"2026-09-21","lopensemble","epiforecasts/lopensemble",7,3,5,FALSE,NA
"2026-09-21","qrensemble","epiforecasts/qrensemble",3,0,1,FALSE,NA
"2026-09-21","rbi","epiforecasts/rbi",25,8,1,TRUE,275
"2026-09-21","rbi.helpers","epiforecasts/rbi.helpers",4,2,1,TRUE,283
"2026-09-21","ringbp","epiforecasts/ringbp",18,12,17,TRUE,321
"2026-09-21","scoringutils","epiforecasts/scoringutils",64,24,94,TRUE,1087
"2026-09-21","socialmixr","epiforecasts/socialmixr",44,15,3,TRUE,853
"2026-09-28","EpiNow2","epiforecasts/EpiNow2",140,40,92,TRUE,1051
"2026-09-28","baselinenowcast","epinowcast/baselinenowcast",10,2,61,TRUE,367
"2026-09-28","cfrnow","epiforecasts/cfrnow",2,0,6,FALSE,NA
"2026-09-28","contactsurveys","epiforecasts/contactsurveys",2,3,0,TRUE,416
"2026-09-28","distspec","epiforecasts/distspec",1,2,4,TRUE,447
"2026-09-28","epichains","epiverse-trace/epichains",10,4,29,TRUE,323
"2026-09-28","epimixr","epiforecasts/epimixr",4,0,3,FALSE,NA
"2026-09-28","epinowcast","epinowcast/epinowcast",67,22,111,FALSE,NA
"2026-09-28","forecastbaselines","epiforecasts/forecastbaselines",0,0,1,FALSE,NA
"2026-09-28","lopensemble","epiforecasts/lopensemble",7,3,5,FALSE,NA
"2026-09-28","qrensemble","epiforecasts/qrensemble",3,0,1,FALSE,NA
"2026-09-28","rbi","epiforecasts/rbi",25,8,1,TRUE,322
"2026-09-28","rbi.helpers","epiforecasts/rbi.helpers",4,2,1,TRUE,346
"2026-09-28","ringbp","epiforecasts/ringbp",18,12,17,TRUE,368
"2026-09-28","scoringutils","epiforecasts/scoringutils",64,24,95,TRUE,1250
"2026-09-28","socialmixr","epiforecasts/socialmixr",44,15,3,TRUE,849
